"","X","cov1","cov2","cov3","cov4","cov5","cov6","cov7","cov8","cov9","cov10","cov11","cov12","cov13","cov14","cov15","cov16","cov17","cov18","cov19","cov20","y0noise","y0","y1","Z","Y","id","Z2armEqual","Z2armUnequalA","Z2armUnequalB","Z4arms","Z2armEqual2","blockID","Z2armBlocked","Z2armBlockedUneqProb","cov2cat","cov1bin","blockV2","ZblockV2","blocksV3","ZblockV3","blocksV4","notblocked","ZblockV4","buildingID","Zcluster"
"1",1,-1.98988811378942,-0.0199493717355965,-0.528048476783648,-3.41463401206829,-1.84782217174586,-0.201461354758751,-2.57873247822312,-3.1262603041528,-1.86629223473798,-2.32622835504303,0.0890921739256648,-0.355992984933164,-1.85307793961132,-2.38922913321945,-6.24907641802206,-2.84926688151292,-5.95864438481509,-0.697406940280547,-3.93329292871404,-2.29863802151784,0,0,6.12320687528265,0,0,1,"T","C","C","T2","T","Block A","C","C","(-2.6,2.1]",0,"0.(-2.6,2.1]","T",32,"C",3,FALSE,"C",1,"C"
"2",2,-0.685869921451935,-2.39156261709736,1.4361184512311,0.310294977642221,1.34916410655514,-1.52915366742057,0.722701274785956,-0.57271880098934,-2.60910853689177,-0.280132298046218,2.0735733381992,0.209706104444392,-0.984446379259776,-1.70200967785444,-0.664516654222657,0.584780537003025,-0.885740026348079,-1.85864625644301,1.71234611881357,-0.432808604654927,1,0,2.74090106881285,0,0,2,"T","C","C","T1","T","Block A","T","T","(-2.6,2.1]",0,"0.(-2.6,2.1]","T",23,"C",5,FALSE,"C",2,"T"
"3",3,-1.60437226934216,0.745577558350617,3.21617204985351,0.738432411795835,3.43740923739491,1.23510685747116,-2.05728122993763,2.90794427598104,0.803442040702859,-0.575119094216243,0.313645555749577,1.03907832769349,3.82578990080375,3.20413291986554,3.93145876379517,0.591040760403931,-0.918393876722952,3.65507193636977,2.70172356449354,2.84002046981181,0,0,7.2149726535787,0,0,3,"T","C","C","T3","T","Block A","T","T","(-2.6,2.1]",0,"0.(-2.6,2.1]","C",39,"C",8,FALSE,"C",3,"C"
"4",4,-2.62636464891434,-0.330908772085448,0.213506519163426,0.0877776173245457,-1.44919376958029,-7.82123691749824,-4.2454694884761,-2.9662827404008,-0.643017754883234,0.0647524109944407,-1.19974383839235,-1.01317377698762,-1.52644799288795,-1.63150420368333,-2.04726182367112,-1.04930561194503,-0.962306910359167,-3.9268930568798,-3.54531795662658,0.040572831915304,3,2.05614065579594,6.70779857636968,0,2.05614065579594,4,"T","C","T","T3","C","Block A","T","C","(-2.6,2.1]",0,"0.(-2.6,2.1]","C",6,"T",1,FALSE,"T",4,"C"
"5",5,-0.75418039471221,-0.348666521752952,-0.957651514123966,-3.26522752776944,-2.32505421993234,0.502480178865305,-1.20486656471998,-3.05245355661058,-0.476518897245326,-0.40075830747883,-2.81901102808159,-0.32674690016792,1.35109324738796,-3.24926339857295,1.32359184220415,-0.324131555085457,1.33315393006497,-2.54099462017099,-0.843622049481729,-3.3967589073175,0,0,5.65440281232495,1,5.65440281232495,5,"C","C","C","T3","T","Block A","C","C","(-2.6,2.1]",0,"0.(-2.6,2.1]","T",29,"C",1,FALSE,"C",5,"T"
"6",6,-0.565820207551152,2.94818565441978,-4.20219441004533,-0.0526996379980327,-0.597002734025162,0.0147556034666219,1.45529706585803,-0.976639359569303,0.9565048955874,-0.736163922727021,-2.05303110752123,-4.70720669463161,-0.165315756020152,1.06949897575378,-3.88860159188166,0.49923989156394,-0.0787166742841778,1.7599913351354,1.14073517483108,0.00103479492745606,2,10.4091834762661,15.5608413968398,0,10.4091834762661,6,"T","C","C","T4","C","Block A","C","C","(2.1,6.82]",0,"0.(2.1,6.82]","C",26,"T",7,FALSE,"C",6,"T"
"7",7,1.74886258943713,1.55218481565921,1.5636100913578,2.06072100409632,1.2987769407775,0.188032662730409,1.46914742025975,1.51494947242904,-0.511156752052407,-0.400376238824373,1.51530345962159,1.55415463427038,0.808367658945792,1.58070385439148,1.01690601547172,3.68318011909395,3.1678729362118,2.04585665405502,2.20215798313179,3.41439325627316,0,0,8.36532565285932,0,0,7,"T","C","C","T1","C","Block A","C","T","(-2.6,2.1]",1,"1.(-2.6,2.1]","T",12,"C",11,FALSE,"C",7,"T"
"8",8,3.31509865175786,-0.987208386065859,5.31200983467019,2.23468225601136,-0.707313216453902,2.57968332870374,2.49057165621517,-0.187869898530571,3.04778756463266,-0.338695925444342,1.70386130103378,-0.959759196946649,1.05898344281587,5.26400556040311,2.63586391212454,1.50673419716494,0.966633912030184,0.128671380845881,0.432753991041656,0.658962745080742,0,0,4.74373836922341,1,4.74373836922341,8,"T","T","C","T4","C","Block A","C","T","(-2.6,2.1]",1,"1.(-2.6,2.1]","C",21,"C",4,FALSE,"C",8,"T"
"9",9,2.64401981631802,1.76770006869194,0.366424188481869,3.5321239038668,4.57382337148621,1.93491945792811,1.64315994457861,-2.15608452166124,-1.43110169678478,1.42077699788595,-0.228776528513055,2.37626420616976,-0.207105786865876,3.17960746110835,-3.425106377818,4.00515892567374,2.24446893777573,1.04608456199002,0.0915948147836433,3.00167047958883,1,6.04205499621572,11.6937129167895,0,6.04205499621572,9,"T","C","C","T3","T","Block A","C","C","(-2.6,2.1]",1,"1.(-2.6,2.1]","C",28,"C",11,FALSE,"C",9,"C"
"10",10,3.18576160573573,0.194979831164762,2.07916466837999,0.226075830516158,-0.192347803762836,2.69859279812879,-1.39993650487599,2.14727124979823,1.37337071110182,3.23150626792484,-0.839839986882485,2.29567949429008,-2.55463556915975,-0.243795784705517,1.26859799511245,2.39271564759834,0.0297955796643766,0.685532238196781,-0.763994701097389,0.67627837080688,1,1.55614583565246,7.2078037562262,0,1.55614583565246,10,"C","C","T","T3","T","Block A","C","T","(-2.6,2.1]",1,"1.(-2.6,2.1]","T",38,"C",6,FALSE,"T",10,"C"
"11",11,0.91285682843277,1.01292335183966,3.61434690272324,1.49957128286186,1.37485613548512,-0.785417715263368,3.15323034957637,0.806947195479323,6.68145196519602,3.01188729886586,1.40484012515851,-2.05477241012286,-0.0375731008218916,2.31872088396453,1.16681654734072,1.66919445586414,3.27606798121714,-0.461022161422646,2.36169013339323,2.44058052417621,0,0,7.59625119105598,1,7.59625119105598,11,"T","C","C","T1","T","Block A","C","C","(-2.6,2.1]",1,"1.(-2.6,2.1]","C",4,"T",10,FALSE,"T",1,"C"
"12",12,0.487495426398509,-3.52955999608054,0.319520648210528,0.587430318037291,-0.490123963760653,-0.751375481327958,-0.525464598666834,-1.89688119971973,-2.49543686104792,-3.88127590535026,-2.33309139735233,-0.22308252722248,0.0821127224461761,0.00121219190720367,-0.950487985584789,-2.3515280505945,1.89918269405677,-1.47351895356393,-2.03444348189652,-2.12243281716259,2,0,1.1179319147107,0,0,12,"T","C","T","T1","C","Block A","C","C","(-7.32,-2.6]",1,"1.(-7.32,-2.6]","T",13,"C",2,FALSE,"T",2,"T"
"13",13,-0.351593409487215,0.478838358001942,-4.20054597883716,-1.95831647549644,-1.59462413958654,-3.58254276864046,0.507377326718777,-1.4848435120239,-2.1738329225756,-0.618418256015265,1.38648527244284,-1.51504767092393,-2.85560296599848,-1.29997842014412,-1.46056032108141,-1.50428494659071,-1.84453807137127,-3.46386199598202,-0.0191322584721356,-2.13868562959214,2,3.36580259179939,8.51746051237313,0,3.36580259179939,13,"C","C","C","T2","T","Block A","T","T","(-2.6,2.1]",0,"0.(-2.6,2.1]","T",27,"T",8,FALSE,"T",3,"C"
"14",14,-1.2590679561858,2.84395793461838,4.11888310706016,2.94337323844933,-1.0411559019633,4.20022733659435,1.41539520695335,2.4302713522413,-0.0668648372391092,0.520913022080648,1.89457580527423,2.18724832149535,2.78608124559515,1.49588767848021,-0.489794791013972,1.84742274395794,1.59719186546213,0.851134266109891,2.66659082807887,3.52082189165264,2,10.1118921514105,15.2635500719842,1,15.2635500719842,14,"C","C","T","T2","T","Block A","C","C","(2.1,6.82]",0,"0.(2.1,6.82]","T",30,"T",7,FALSE,"C",4,"C"
"15",15,0.645844280998893,0.487404120829035,1.69966836579124,1.75405529938846,2.84574291131819,3.81817390892529,-2.24966796408692,3.52494075233264,-0.668530026787561,1.95697958506097,2.83267776896408,7.56854234942706,1.18151526672153,4.44745827013215,2.80893704096636,2.88110308011379,2.38737394377379,2.82035910616503,1.49946447009203,-0.0650267502678685,9,10.3902349307599,12.0418928513336,0,10.3902349307599,15,"T","T","C","T4","C","Block A","T","C","(-2.6,2.1]",1,"1.(-2.6,2.1]","T",19,"C",6,FALSE,"C",5,"T"
"16",16,-2.47355105844401,-5.03090861029204,-1.35291544943813,-2.24282774289921,-5.4036358869823,-0.0878337133238031,-3.49024682924989,-2.28813200144713,-2.27766494739074,-5.32545944200281,-2.82267408875155,-2.12146717858212,-1.62788677755026,-1.88407171995076,-0.266789763184681,-3.03725580276585,-1.58806315390912,-2.0280529248084,-0.970871697791546,-0.738797515567247,0,0,-1.02323513489749,1,-1.02323513489749,16,"C","C","C","T3","C","Block A","T","T","(-7.32,-2.6]",0,"0.(-7.32,-2.6]","C",35,"C",0,FALSE,"C",6,"T"
"17",17,-1.67246242500262,-0.103355826303377,-1.7487225544456,-3.49151677754127,-0.320977660078137,-1.78331643620097,1.18759604102533,0.465815484340755,-0.699146171979316,-1.42909397613785,-1.19578652657437,0.374145635488801,-2.22342878693521,0.754214732633546,-2.51721744366749,0.358758639089005,-1.68222806592746,0.491520952866745,0.0141878112326591,-3.06902433983617,1,0.705195598715698,6.35685351928944,0,0.705195598715698,17,"C","T","C","T2","T","Block A","C","T","(-2.6,2.1]",0,"0.(-2.6,2.1]","C",39,"T",1,FALSE,"C",7,"T"
"18",18,0.185431951990599,1.24684964590387,2.12030391098537,1.19086541173311,2.25668416974058,2.81546733777109,2.4878138887571,4.06432142110006,1.92186823305481,-1.59618623204453,0.840181825806696,0.768380216373369,-1.43096756834274,-2.86871586254548,3.96526457351556,-1.96310004487958,-1.11552886996636,-1.09048587685278,1.89684324015862,-2.46368656428441,0,0,7.92986809265101,0,0,18,"C","C","C","T1","C","Block A","T","T","(-2.6,2.1]",1,"1.(-2.6,2.1]","C",24,"T",10,FALSE,"C",8,"T"
"19",19,2.27331149468634,3.54174629386565,3.84738447260041,2.58545974189486,3.04943302139929,1.56128991471762,2.04553405397944,3.44294277073899,1.77791417181539,1.06023750331074,1.04039578192259,2.49238283495036,5.15222350043092,0.352280376892006,0.941132347502035,5.80494762491505,2.23060870972812,3.42259878139357,2.90704161433095,7.24438831800184,0,0,11.2027635669994,0,0,19,"T","T","T","T2","T","Block A","C","T","(2.1,6.82]",1,"1.(2.1,6.82]","T",25,"C",12,FALSE,"C",9,"C"
"20",20,1.06752448324981,1.0082090148585,-2.52374239866332,-0.266132307634808,1.34603030545067,-5.15912004980741,0.0631580700004776,-2.34490520463621,-0.00689650945267728,-1.46583855551976,-1.78774594870401,-0.914666835419237,-0.257846542260412,-1.00397748893681,2.5553068410918,1.40084008157424,0.830423254871956,1.11415339300019,-1.13942445074236,-1.11407699254114,1,3.87573972000727,9.52739764058101,0,3.87573972000727,20,"C","C","C","T4","C","Block A","C","C","(-2.6,2.1]",1,"1.(-2.6,2.1]","T",4,"C",10,FALSE,"T",10,"C"
"21",21,1.1986635835904,2.61812182198989,-0.251953412393317,-2.07923717488334,-1.72715067002648,-0.0828631502397679,1.73873810822511,-0.71361097286363,-2.5496576776504,2.24317379936407,0.444868019616349,-0.475572370935618,2.11200471874914,2.75045144038488,0.310906650232647,2.53195728073259,-0.496576318104944,-0.454482414428083,1.26892254534265,-0.762572216865962,0,0,9.88552500783186,0,0,21,"C","T","C","T3","T","Block A","T","T","(2.1,6.82]",1,"1.(2.1,6.82]","C",16,"T",9,FALSE,"C",1,"C"
"22",22,-0.051691879629171,0.619442384812235,2.92685577604002,3.14356559928977,-0.332732187691341,1.91930318028179,0.325565541948342,2.57710908528002,1.27988026627389,-1.2297545723586,3.47973784161843,-0.840479282183994,2.30912871208246,2.72869868546385,-1.39369262921616,0.402239688012428,3.22224997829743,1.76691833998703,1.11710655932139,3.8288363382622,0,0,7.03508340279411,1,7.03508340279411,22,"T","C","C","T4","C","Block A","T","C","(-2.6,2.1]",0,"0.(-2.6,2.1]","C",3,"T",8,FALSE,"T",2,"T"
"23",23,-0.693574745749803,2.46114565978783,0.148217205873272,0.660580066805681,-0.0379231557868476,0.359977601076527,0.759331303115851,-1.29315045082378,-2.47959174367113,-1.4144686987206,0.778696207132407,-0.736317654644351,-0.729939139818025,0.110061097619729,1.05847701546581,2.40988264601092,1.8643705398642,-0.0796857328764291,-1.58365618675649,0.436071457866177,2,9.0199871517403,14.171645072314,0,9.0199871517403,23,"T","C","T","T3","C","Block A","C","T","(2.1,6.82]",0,"0.(2.1,6.82]","T",26,"C",7,FALSE,"T",3,"C"
"24",24,-2.41116533720375,-0.659889947421416,-2.64674464712114,-2.13520650755435,0.0702982246276302,-3.76092440729513,-2.64184148258648,-3.06851267014155,-1.61522362695404,-3.38202654716969,0.376119492984769,-1.94924430948555,1.91284032659035,-0.461190608084038,-3.09855199179624,-2.97185010979364,-3.58372098136133,-2.62092243569726,-2.62872434456545,0.460447390924294,0,0,5.21054764251318,0,0,24,"C","T","C","T3","C","Block A","T","C","(-2.6,2.1]",0,"0.(-2.6,2.1]","T",32,"T",13,FALSE,"C",4,"C"
"25",25,3.6910756354839,0.337484561671594,-0.370730008657049,-0.268478312339649,3.68820347774724,-2.95968173878298,1.09162198869957,-0.64618299787226,-0.780775192300999,-0.852113969379886,1.69624370609066,-0.444663734246464,-0.336600174815804,2.19192874202375,0.655473650271439,-1.05922373778582,0.227037747561926,0.178508720975593,1.31642797995966,0.872399937251875,0,0,6.6329657370013,0,0,25,"C","C","T","T1","T","Block A","T","C","(-2.6,2.1]",1,"1.(-2.6,2.1]","C",34,"C",6,FALSE,"T",5,"T"
"26",26,0.808677006682957,-0.457118989923806,0.613790888073466,-1.7362817222661,-0.985563763355228,0.400575648134797,-1.86288206581557,-3.18662005525629,-0.795892327382682,-1.05024144512041,-0.103526918732948,-1.62890901171969,0.0497667936890792,0.183011463513483,-1.58388681457857,-1.46552585431655,-1.37722065111104,-0.57090060956727,1.0327511863678,0.433185380130158,4,2.69614810349817,6.84780602407191,0,2.69614810349817,26,"C","C","C","T1","C","Block A","T","C","(-2.6,2.1]",1,"1.(-2.6,2.1]","C",7,"C",4,FALSE,"T",6,"T"
"27",27,1.30525985296456,6.80152840570107,0.301305593147692,0.240551721655278,4.16724579754625,-2.1450874935922,0.981243061035607,-2.06162630809736,1.85393222947229,-1.443206205601,1.29220225828593,-1.75522948106306,3.80995532618186,-1.85607832959708,3.65909151392034,0.0368685923972568,-1.56329600866186,1.46901613770524,-0.94210591063554,0.792118944984336,0,0,15.8517424788226,1,15.8517424788226,27,"C","C","C","T1","C","Block A","C","T","(2.1,6.82]",1,"1.(2.1,6.82]","T",49,"C",NA,TRUE,NA,7,"T"
"28",28,-1.42101945605993,-3.66462818440096,-1.85538143993401,-3.73027203339192,-0.609740123709433,1.13234134698785,-3.4218813494892,-4.62388307486427,-3.05299425063826,-1.19799598732167,-3.37593441873973,-1.42559172717938,-3.01312942282243,-3.13294604282372,-2.30866374340826,-2.0945314919705,-3.84054531974602,-0.285714512335487,-3.62835452713975,-2.00223560555082,0,0,0.925302733490298,1,0.925302733490298,28,"C","C","C","T2","C","Block A","C","C","(-7.32,-2.6]",0,"0.(-7.32,-2.6]","C",40,"C",0,FALSE,"C",8,"T"
"29",29,-3.03749238359261,-2.76755646832592,-2.76998237610839,-1.40254855759938,0.909710795853469,1.09340797157635,1.12757004630249,-0.0236962090288647,-2.14773715808793,0.835252476044852,-2.88498185270717,2.644119392583,-2.96998461009196,-2.67127968317733,-0.232110167187424,-0.618347041956178,0.27449872773617,0.379471247293806,2.76114992216421,0.479692279191447,1,0,2.2046727488309,0,0,29,"T","C","C","T3","C","Block A","T","C","(-7.32,-2.6]",0,"0.(-7.32,-2.6]","T",36,"C",0,FALSE,"T",9,"C"
"30",30,-0.0437821431871019,-0.700598509805435,-1.89364442258618,-1.10221118063886,-3.9086381638723,-1.83726174061706,-3.89431788206286,-0.370783598265737,-2.24894906154818,-2.68898609076417,-0.588734093309186,-2.8536790756763,-0.310975773589406,-1.99010302503353,-4.50944873014237,-1.80704792634213,0.797562931940649,-0.0543008161982218,-0.788431318306344,-0.713671434930511,0,0,5.15249061858916,0,0,30,"C","C","T","T3","C","Block A","C","T","(-2.6,2.1]",0,"0.(-2.6,2.1]","C",31,"C",13,FALSE,"T",10,"C"
"31",31,-2.60895019364002,-0.515366102372841,-2.94339664669108,0.519411408721047,-0.109831768108191,-1.06118337715974,-2.22061320964276,-0.103193086319629,-0.945866852787691,2.63428381091333,0.176536759522431,1.03840621144655,-4.14369875619744,-3.24966643540836,0.488643580796731,-1.27956039020414,-0.194309976832286,0.777459560048944,-0.668407449776937,0.12848039564534,0,0,5.41666212649878,0,0,31,"C","C","C","T3","C","Block A","T","T","(-2.6,2.1]",0,"0.(-2.6,2.1]","T",6,"C",1,FALSE,"T",1,"C"
"32",32,0.346632310325934,-3.82130578166266,-0.246238918808312,-0.953669362896063,-2.40927880635933,-2.44278846477988,-2.74805121825632,-1.56147635505377,-1.80299848362333,0.75805901793484,-1.58875875674654,-1.07203603026155,-1.33374822477334,-1.69817824858257,-1.18886274606025,-1.4605363674238,-0.442931051578386,-1.02455341047265,2.84064000668735,-1.82533726012939,2,0,0.701855024215439,1,0.701855024215439,32,"T","C","T","T4","T","Block A","C","C","(-7.32,-2.6]",1,"1.(-7.32,-2.6]","C",13,"T",2,FALSE,"C",2,"T"
"33",33,4.07258650295068,2.16006736998698,0.871011933064382,5.73937647963711,0.956112553096811,3.42132691630434,1.69623481491898,-0.192503935461777,0.352289514136752,-2.00951161525071,3.56554030229705,1.65272475088247,1.79499352415747,1.71666864924188,-0.0634251705233533,-3.22579498459136,-1.47853348717433,1.66888890473853,2.2086493355255,3.05553923416788,1,7.16121403619371,12.8128719567675,1,12.8128719567675,33,"T","C","T","T2","C","Block A","T","C","(2.1,6.82]",1,"1.(2.1,6.82]","T",41,"C",9,FALSE,"C",3,"C"
"34",34,-0.253993185346368,0.0749022030149586,1.46548604322108,-3.55895549127525,-0.0352052572726332,-0.535164972760166,-2.51926190488479,1.70634237537365,-2.63222172829433,0.257204794783844,-0.786580568739611,1.52407104795414,-0.805587492161707,0.908711435767502,0.0749833621548807,-3.00325209923909,-0.671928649881553,0.909082089793755,-2.20485983272475,3.10721664457626,1,1.21364542188347,6.86530334245721,0,1.21364542188347,34,"T","T","C","T1","C","Block A","C","T","(-2.6,2.1]",0,"0.(-2.6,2.1]","T",27,"C",3,FALSE,"T",4,"C"
"35",35,-1.24264105981129,-0.679251992018793,0.220195166631203,1.24502884999058,-0.877281901352999,-1.55595175376261,-0.457181874410364,-1.79853250697938,-0.889797158292829,-0.345217736530621,-1.63940435904301,-2.36034010856862,-2.13286949825581,-1.53129717295126,-1.62957753475172,-2.78151284700587,-2.07793795903483,2.90195110353472,-1.51067334860522,-3.53352633360458,0,0,5.18293422114488,0,0,35,"C","C","C","T2","T","Block A","C","T","(-2.6,2.1]",0,"0.(-2.6,2.1]","C",29,"T",13,FALSE,"T",5,"T"
"36",36,-4.22715339536464,-0.947844313516767,-5.92696258340592,-1.95338352877033,-1.5476730843173,-5.45941947476778,-3.38250413052323,-4.4785539628823,-4.49291193985085,-4.17391676572497,-5.10972357850575,-2.92815090014005,-6.21111655746308,-0.218562786376223,-4.89619697221863,-1.14231013553016,-5.38656776869823,-4.64763521315877,-2.82860565260864,-3.19222797799166,0,0,4.7998779322021,0,0,36,"C","C","C","T1","T","Block A","T","C","(-2.6,2.1]",0,"0.(-2.6,2.1]","C",15,"T",13,FALSE,"C",6,"T"
"37",37,0.570909291690167,2.18274278039852,-2.86163832817691,-1.68140627535879,-0.389317145415435,0.119853019722415,-0.410264261835956,-2.78250250930649,-4.66106190791535,1.45683178117,-2.57191784119123,0.644997239264794,3.06669610119531,1.39293148506535,-3.85343584560958,-1.1623223173629,-2.6869898822363,-1.87323915309834,0.725718292695715,-0.821690520980049,0,0,9.26460375801606,0,0,37,"T","C","C","T2","C","Block A","T","T","(2.1,6.82]",1,"1.(2.1,6.82]","C",10,"C",9,FALSE,"T",7,"T"
"38",38,-1.06128717551854,3.39133181303062,-0.00112435379137787,-0.221009046596975,2.0379002960218,3.83903705342547,0.127116942451486,-1.26129458525191,-1.13502608474752,1.75852776886555,-0.254117332008118,-0.832369906446441,2.44110342109064,1.53861704067709,-1.78348523607249,1.13915335735858,-2.26430826948802,-0.966689095440433,2.52834487404285,-1.05210558809628,1,10.6731803175011,16.3248382380749,0,10.6731803175011,38,"C","C","C","T2","T","Block A","C","C","(2.1,6.82]",0,"0.(2.1,6.82]","T",30,"C",7,FALSE,"T",8,"T"
"39",39,-0.0543092933420881,0.461146983060308,-4.17674964975008,-3.0009687715973,0.242105425071785,0.512655438554451,-3.59882001918986,-1.23761155541368,-1.03985644854576,0.921510951192968,-1.01591706356636,-2.21171603607123,0.432340188432945,-2.14600973081633,-1.29521315196361,0.680713919736393,0.0185295185427059,-0.379357434495639,-0.816686324256719,-0.978531223097929,0,0,6.80932844146973,0,0,39,"T","C","C","T2","T","Block A","T","T","(-2.6,2.1]",0,"0.(-2.6,2.1]","C",3,"C",8,FALSE,"C",9,"C"
"40",40,-2.29942084458067,-7.30500526757187,0.548816675797659,-3.15819947120793,-3.77155647086341,-2.04053335990897,-4.51216262419399,-3.39462225617553,-2.22976594320914,-5.78081103998219,-1.90386645673342,-2.64394065099784,-2.29826059096476,-0.611409740916197,-4.19809789905529,-0.649320849628969,-3.08977578732383,-2.61233799272738,-3.09199510025124,-4.80534124089788,0,0,-4.2664664431363,0,0,40,"T","C","C","T2","T","Block A","T","T","(-7.32,-2.6]",0,"0.(-7.32,-2.6]","T",50,"T",0,FALSE,"T",10,"C"
"41",41,-1.04696451917477,0.469852433358362,0.15105229960902,2.8586286851752,-0.415539460666616,1.06338915554499,0.0750834254839796,0.472502905058032,1.12254719770951,-1.14203628556294,-0.00417274657778893,-0.647767150692639,0.423424490937695,1.68288736319549,-0.00786695826140621,-1.29779435316403,-1.53589998345989,2.35834125039677,-1.91555099090111,3.42209961951594,0,0,6.82174382797874,0,0,41,"C","C","C","T1","T","Block A","C","T","(-2.6,2.1]",0,"0.(-2.6,2.1]","C",14,"T",8,FALSE,"C",1,"C"
"42",42,-2.99551964336644,-0.0979897496001807,0.755798301758965,-0.894015543803353,-1.7398028951729,3.27736244965421,2.28209239940684,0.912445690660554,-1.05057099364489,-3.01170778712743,-0.908361391253046,3.8702927951135,-2.97117093168892,-0.941487675778026,-1.52149854305023,-2.74013386639696,-0.206714364817098,-0.867398406260886,1.63788072785117,1.91043409233981,0,0,6.01190861714267,0,0,42,"C","T","C","T4","T","Block A","T","C","(-2.6,2.1]",0,"0.(-2.6,2.1]","T",2,"C",1,FALSE,"T",2,"T"
"43",43,-0.806704500538745,0.730657436014633,-0.179427875085061,1.99078165485431,2.19434668442612,1.80336173584176,-3.50239325423437,0.719718502754833,1.11456572432159,-2.60598574768008,0.772025484118591,0.904829941079087,1.35877998651377,0.797760913414202,0.121305558706619,-0.758503795281414,-2.27447274615911,-0.981512863865158,2.32412648472476,0.700137357145965,0,0,7.19369413503908,0,0,43,"C","C","C","T3","C","Block A","T","C","(-2.6,2.1]",0,"0.(-2.6,2.1]","T",14,"C",8,FALSE,"T",3,"C"
"44",44,0.59868763712228,3.67558393038178,0.973702901557173,3.16075615473308,1.09301442060835,-2.21353410592847,0.906545715627718,1.00254180650542,3.32165199013821,1.67727993670941,0.495018311916967,2.29933850878936,0.227792857848427,-1.1893340675514,2.51283922060334,-0.216627399475713,-0.952210357321452,3.92956667723421,2.84025302057897,-3.04248474575805,0,0,11.3936377814178,1,11.3936377814178,44,"C","C","C","T4","T","Block A","T","C","(2.1,6.82]",1,"1.(2.1,6.82]","C",37,"T",12,FALSE,"T",4,"C"
"45",45,1.39120326236822,-0.267205330043715,-1.39014142377748,-3.23339158253293,1.2918770709651,-3.94504254342685,2.47212085181414,0.744250046547025,3.29724664103783,0.0230499116256916,1.57436902763406,1.48542408700049,4.91255365605275,1.259483737453,2.282715603031,1.49429455424424,3.64480404003762,2.97588864813393,3.13775944645095,2.73275303867778,0,0,5.77057970679075,0,0,45,"T","T","T","T4","C","Block A","T","C","(-2.6,2.1]",1,"1.(-2.6,2.1]","T",22,"T",6,FALSE,"C",5,"T"
"46",46,1.80903605425361,-0.0907226889983927,0.094720097773055,-0.885391931281762,-0.754541955079648,-1.84562042218513,-1.65738476247715,3.15677201978063,-2.05553054262222,-1.64204325941479,-1.01112379246497,2.00598643464616,0.156506269768588,-1.60566589783068,-0.223380384940787,0.897083154442174,-0.282777452123969,1.4238678624854,-1.39925750969257,-1.25842725606798,0,0,6.02227262624806,0,0,46,"C","C","C","T1","C","Block A","C","T","(-2.6,2.1]",1,"1.(-2.6,2.1]","T",45,"T",6,FALSE,"T",6,"T"
"47",47,5.63422167523477,3.96866649420502,-0.533128401265105,4.61363875297967,-0.943083698034176,0.846685317876924,-0.355987835502491,1.53419269255182,0.672221654053505,2.76811472683851,2.69571717211623,1.84036226578755,3.17786716881664,-0.558623617446195,0.0913529136082509,-0.768254295785866,4.8273952995575,0.721973501065954,-0.348371113099537,2.58757412782876,1,12.3199264285979,17.9715843491717,0,12.3199264285979,47,"C","T","T","T4","T","Block A","T","T","(2.1,6.82]",1,"1.(2.1,6.82]","T",48,"C",12,FALSE,"C",7,"T"
"48",48,1.33022880591304,2.13061243973152,0.0022406214595696,0.671055482746416,0.42841666374464,0.910441012234291,0.225278464268881,1.74483712697032,4.28899595010906,-2.2535201130631,1.28498143301867,3.06791223032642,-0.00944628929905011,3.32961599955447,-0.283828819427296,3.15481552104006,3.51705589333847,-0.807797564055334,0.41667366344856,3.92697917719894,0,0,9.19025742255176,1,9.19025742255176,48,"T","T","C","T4","T","Block A","C","C","(2.1,6.82]",1,"1.(2.1,6.82]","C",1,"T",11,FALSE,"C",8,"T"
"49",49,-0.793267693877038,-0.0124722335371389,2.28304844643532,4.31873281415583,0.93237743333845,-0.853676819200121,2.1567621018694,1.66120881709814,0.903806815620076,-1.32832449439699,-0.0979394242279921,2.68252065864113,1.4822841181352,1.76735932332859,-0.111904196207821,-1.74908807125529,4.82414179512581,2.04224671727272,1.59681405008265,2.08713134560271,0,0,6.13387048917243,1,6.13387048917243,49,"T","C","T","T1","T","Block A","T","T","(-2.6,2.1]",0,"0.(-2.6,2.1]","C",5,"T",3,FALSE,"T",9,"C"
"50",50,0.83056579010849,2.34292756784679,0.922440544318107,4.25945848236304,1.05827822956564,0.320822407226035,0.169704321718305,1.0752937401441,-0.5493912537308,3.29749166934127,-0.0388555913421418,-1.71693468140633,1.87236617625986,2.18156250209417,-0.775572706057427,0.0384881515411505,0.256989401316039,1.48067307043752,0.159654068878619,1.66432244586739,3,9.68279073948042,14.3344486600542,0,9.68279073948042,50,"T","C","C","T4","T","Block A","C","T","(2.1,6.82]",1,"1.(2.1,6.82]","T",10,"T",9,FALSE,"C",10,"C"
"51",51,-2.88252779123917,-0.161693051630044,-2.70924111089196,-0.209752447038951,-0.616982095172833,1.02095059621036,0.97230611830297,-0.807734383764235,-1.89419508164071,1.41224962166841,2.28627609111729,1.15270037810522,-1.32585030745837,0.505718376476494,2.54667000969864,-0.029754360532613,0.0484597439233021,0.713578679435616,0.416995395421093,-0.706669152208835,0,0,5.9210573585033,0,0,51,"C","C","T","T4","T","Block B","C","C","(-2.6,2.1]",0,"0.(-2.6,2.1]","T",2,"T",1,FALSE,"C",1,"C"
"52",52,0.93262111624655,3.18347475328599,0.993600109368416,2.20201544099661,1.13506808814117,-1.37942194744823,0.846139213961474,-1.42401975817582,0.759333100708688,-2.26842340295481,0.0345335442480283,-0.177240040981383,2.75162516811412,0.72051205425687,-2.71000339671757,1.59981143307585,0.861522371269976,-0.86735851230664,2.02095485175775,-1.24248342832376,1,10.0803044415843,15.731962362158,0,10.0803044415843,52,"T","T","C","T2","C","Block B","C","T","(2.1,6.82]",1,"1.(2.1,6.82]","T",37,"C",12,FALSE,"T",2,"T"
"53",53,1.48193562282645,1.41692276813701,3.76830672536801,2.47834709947421,1.69276769774979,3.44623818990667,2.09047742694711,3.26947149903161,3.63863817142531,2.38218002382504,1.7162395185139,3.82469444124604,4.23722827084407,1.43548462449708,0.34580167932061,0.791406952773233,1.62812453511186,0.951430186381209,2.4288447950601,4.83978585587206,2,6.04152415269381,11.1931820732676,0,6.04152415269381,53,"T","C","C","T2","C","Block B","T","C","(-2.6,2.1]",1,"1.(-2.6,2.1]","T",12,"T",11,FALSE,"T",3,"C"
"54",54,3.15206326220331,1.68930008706436,1.94278139425751,1.24540306131797,4.11993946572056,0.909550615868514,2.76384859502252,1.1212472807077,3.40355940998259,1.35620811543001,2.03198583226703,0.822133168272432,4.90328632944486,-3.49674823438319,-1.1042125395397,-0.3334057223783,-0.578406372410053,0.285905250365765,4.83295274293765,-1.88075360384914,2,6.81843277315323,11.970090693727,0,6.81843277315323,54,"C","C","C","T3","C","Block B","T","C","(-2.6,2.1]",1,"1.(-2.6,2.1]","C",41,"T",11,FALSE,"C",4,"C"
"55",55,-2.14751112912235,-1.30879646142528,-1.95041872293992,1.62146551344177,-3.74274610661584,-2.05246603607595,-0.823007489932662,-1.43406414395075,-2.34145620370363,-2.58644436114559,-4.30074502058652,1.02848906996343,-5.54867522842994,-2.32624591044431,-3.57499898287265,-0.395721668936272,-2.3790368744004,-3.51080206489927,-3.43216147262117,-2.65387060302926,1,0,4.28510152499643,1,4.28510152499643,55,"C","T","C","T3","C","Block B","T","C","(-2.6,2.1]",0,"0.(-2.6,2.1]","C",8,"T",13,FALSE,"C",5,"T"
"56",56,3.48385947590951,3.77408987701318,-0.997029105683426,2.61221488608505,-1.19674354359072,2.05412667584743,1.22427978264052,-1.03565835684598,0.411093314318925,5.34356636565533,4.71426993192946,1.38502843725761,1.43324922952407,1.50471004706824,-1.08704717111725,0.021685437958618,2.70756402139091,3.71895481002449,0.667679452682233,1.38090895266389,0,0,11.5341232656825,0,0,56,"C","C","C","T3","C","Block B","T","T","(2.1,6.82]",1,"1.(2.1,6.82]","C",42,"T",12,FALSE,"T",6,"T"
"57",57,-3.04003843775427,-5.64051268698277,-1.1986352412629,-1.14054875390839,-2.120780038735,-4.03736260570981,-0.0225456188223656,-2.83276638706203,-3.34846455484828,-3.68524284079797,-3.35071120182538,-2.77637249287094,-4.34692025494931,-2.2757480733935,-5.77157302803433,-0.772936142461945,-5.11460463554517,-0.723836261246031,-1.4301177489987,-1.57927754276507,0,0,-1.89262959129596,0,0,57,"C","C","T","T2","T","Block B","T","C","(-7.32,-2.6]",0,"0.(-7.32,-2.6]","T",35,"T",0,FALSE,"C",7,"T"
"58",58,5.59193442567511,0.799972058424857,-2.11530347662638,0.523075416399064,0.384101370543861,0.130163094760036,1.0185333854333,-0.0536315392173246,-0.996983140479554,1.40731211739622,-0.681945178477763,-1.35653891788045,1.30915707055323,-0.245507134439025,-3.00064954687899,0.799080367238949,-1.71009596596611,-0.116586458741446,-0.615878316597199,-2.17183663796728,3,5.28178025528885,9.93343817586259,0,5.28178025528885,58,"C","C","C","T1","C","Block B","C","C","(-2.6,2.1]",1,"1.(-2.6,2.1]","C",20,"T",10,FALSE,"T",8,"T"
"59",59,1.22648028701075,-1.90219865280281,-1.38975174175645,3.90730688373939,-1.39962305632881,2.71630653160046,3.05617506593668,1.96257111589201,-1.37544826975102,1.49223658540111,0.738290207275995,3.36245472432138,1.27016829170722,0.306461547523935,3.9388993511078,4.18886081273159,-2.4942260961013,-0.174118970505854,0.0800405008881238,1.78054594924591,0,0,3.43881358939252,0,0,59,"C","C","C","T2","C","Block B","T","C","(-2.6,2.1]",1,"1.(-2.6,2.1]","C",17,"T",2,FALSE,"C",9,"C"
"60",60,-0.672367956302251,0.167685465128274,-3.72223555324754,3.10699057966759,1.08823175444747,-0.4811712570324,-2.52102822242303,-1.56703447392843,-1.22374007956132,-1.64953048954111,-2.89252714321435,1.39388325491172,-0.897247021144573,-1.41572478193053,0.408408131919228,0.726204313043586,-0.658011440675201,-0.567292329893002,-0.205116259733554,-0.109566983362931,1,1.47829343462571,7.12995135519945,0,1.47829343462571,60,"C","C","C","T2","T","Block B","C","T","(-2.6,2.1]",0,"0.(-2.6,2.1]","T",5,"C",3,FALSE,"C",10,"C"
"61",61,-3.62342314618019,-1.33091024622801,-2.35471018397574,-3.66460191748152,-3.73477786110428,-1.04300506462993,-0.803690892572381,-2.710154572163,0.821770243743853,-2.3686681969071,-4.45480989953463,-3.39929180171012,-4.29133385476069,-2.44438154170355,-0.570141931749156,-2.94824697922072,-1.98517319861755,-1.39518069664972,-2.38699299896201,-6.68076566450241,1,0,4.25356367501706,0,0,61,"C","C","C","T1","T","Block B","T","C","(-2.6,2.1]",0,"0.(-2.6,2.1]","C",46,"C",13,FALSE,"T",1,"C"
"62",62,-5.0695700047666,-1.92698500845903,-3.05542216413197,-3.39750252002769,-1.8210545568431,-5.37326611925266,-3.7452882805707,1.56760136647534,-4.11800280308477,-4.56947849883983,-4.69259410696511,-1.76144354930804,-1.92870187374885,-3.5417474053168,-2.0947380926755,-2.96710187392335,0.105747376978171,-2.99892166753928,-3.82831113634818,-4.05574302018593,4,0,3.40346421916058,1,3.40346421916058,62,"C","T","T","T1","T","Block B","T","C","(-2.6,2.1]",0,"0.(-2.6,2.1]","T",46,"T",5,FALSE,"C",2,"T"
"63",63,0.981169914328406,-0.281321603678816,0.869978550326908,-2.41497385312155,-0.0541741983894002,-1.11289962502473,0.26678420235401,-1.16839574145093,-0.396259775233271,-1.66949764279499,-3.21120845094718,-0.780959066935984,-1.99328446154711,0.336720474307119,-1.15302559058381,0.20443612026787,0.611551026305529,-0.457456903945109,0.298881347607188,-1.22119483873877,0,0,5.75044760710076,0,0,63,"C","T","C","T4","T","Block B","T","C","(-2.6,2.1]",1,"1.(-2.6,2.1]","C",7,"T",6,FALSE,"C",3,"C"
"64",64,-2.74156059745388,-2.0446066664884,-1.07375692909367,-2.31604625246633,1.60250362908643,-1.97155372875066,-0.646090874053144,-0.49865985657247,-0.98889416678537,-1.07051431933444,-1.56914937550256,-2.67415163167926,-0.0678735018754772,-1.79863272520153,-0.879713817185016,-0.377313931116811,0.49416174770817,0.414385072930054,-1.44006178051598,-0.0953257259633681,0,0,3.23571662469196,0,0,64,"T","C","C","T2","T","Block B","C","T","(-2.6,2.1]",0,"0.(-2.6,2.1]","C",36,"T",5,FALSE,"T",4,"C"
"65",65,-0.83333974473986,5.32173263838063,3.38749932862211,1.76097250466765,1.37587511076006,1.38938037723755,1.73945412641909,1.97708597963615,0.55018568058985,4.52382225945715,0.627146618784605,3.8139774352936,5.83468889793437,1.90052600848815,2.30790595348226,-0.0957264366276518,2.94520560901902,1.13424869329659,1.29035520826711,1.53462491541969,0,0,13.7413132905955,0,0,65,"C","C","C","T2","T","Block B","C","C","(2.1,6.82]",0,"0.(2.1,6.82]","C",49,"T",7,FALSE,"C",5,"T"
"66",66,-0.165544734044957,-1.40532766430447,-1.82041957280498,-1.94851715534118,-4.09750448503582,-2.85234374369203,-0.00788533911135597,-0.93550122121284,-2.93539396145693,-3.17817107888082,-1.03944177605699,-2.33512204029985,0.423968980903657,1.77593095722365,-2.67926566040357,-1.72833505147426,-2.62020372838972,0.811431529990886,-2.11400702579485,-0.851017338073245,0,0,4.14743234616116,0,0,66,"T","C","C","T1","C","Block B","C","C","(-2.6,2.1]",0,"0.(-2.6,2.1]","T",18,"C",5,FALSE,"T",6,"T"
"67",67,1.26930880559996,2.08636684678604,0.698013794456467,1.84892924957664,4.67995787558548,1.31654077372192,0.524070448533596,1.93555219945963,0.503183012151666,1.81543930181199,-1.03784169696102,2.44409016043908,0.511375544795493,0.228169703007465,2.95903167780571,1.8877840463961,5.70771047052995,2.82982918173228,-2.65215067291613,1.3106604564221,1,6.95099619561628,12.60265411619,0,6.95099619561628,67,"T","C","C","T2","C","Block B","C","C","(-2.6,2.1]",1,"1.(-2.6,2.1]","T",1,"C",11,FALSE,"T",7,"T"
"68",68,-0.647530527466813,-2.78156894081532,-2.13952728621804,1.06012382007766,-0.664222555366159,-2.30799048430215,-4.69114064074255,-1.06373215162079,1.32633892821796,-1.13869077193982,-3.50311327347558,-1.3611643141559,-2.81336932154978,-1.75803608104622,-3.46555119114603,-3.51534644336276,-2.68578413793074,-1.19921541825638,-1.65951459945897,-3.62395558751294,0,0,2.18468868643936,1,2.18468868643936,68,"T","C","C","T3","T","Block B","T","T","(-7.32,-2.6]",0,"0.(-7.32,-2.6]","C",23,"T",0,FALSE,"C",8,"T"
"69",69,2.31827698421643,1.27376627794813,2.84753308343853,3.52757704359918,5.06384970338309,1.13458232700199,2.37582746170052,5.4814373370246,4.51800119266495,0.858979180795309,3.20035598766593,2.83132061380034,2.98376383534992,2.82937594339601,1.0373082863266,1.3204911904144,1.01402376323402,6.19634304926821,5.96238614431558,1.42016698384012,3,6.63319532509376,11.2848532456675,0,6.63319532509376,69,"C","T","C","T4","C","Block B","T","C","(-2.6,2.1]",1,"1.(-2.6,2.1]","T",28,"T",10,FALSE,"T",9,"C"
"70",70,2.91175102232282,-0.581898969068163,1.94592676579973,1.92026533405634,1.19941223846475,2.57623815259492,3.31384916502762,1.67244179257538,4.08687907690929,0.793256357036547,-1.75725415119919,2.91586605803921,-0.623203405610695,0.223699013347235,0.95923544019146,1.26669668032646,0.324234281927721,0.390907069731535,-0.411730338377472,-2.37870924617683,3,1.34023505670056,5.9918929772743,1,5.9918929772743,70,"T","C","C","T1","T","Block B","T","C","(-2.6,2.1]",1,"1.(-2.6,2.1]","T",38,"T",4,FALSE,"T",10,"C"
"71",71,2.83252548104665,0.695399168473585,0.912297552459437,-1.34333441291544,-0.849786364640635,-0.551245061248073,2.35258805304778,1.28178770893,-2.65866917488825,3.79450809852718,2.96554417914396,-0.935044792301139,-1.17544369575091,0.571834418265862,-1.5350248992847,-0.438680732261002,1.01796661259306,-1.83176525244547,3.06662301166191,0.374865235605257,3,4.98350439300544,9.63516231357919,0,4.98350439300544,71,"T","C","C","T3","T","Block B","C","C","(-2.6,2.1]",1,"1.(-2.6,2.1]","C",45,"C",10,FALSE,"T",1,"C"
"72",72,1.58485674389959,-2.97589460072879,-1.35068615749971,-0.231502404588724,-1.2222520567349,-1.02263833329314,-4.16104431504004,-0.59043006243513,1.34154267101337,2.88246414231433,-0.163881343686688,-0.934637301203932,-2.49857934239844,-2.34984373460663,2.30702757481312,-0.819629723782688,-0.82751699339419,-1.76756178614425,-0.989100880008168,-1.03640493367564,0,0,1.90754872310139,0,0,72,"C","T","T","T2","T","Block B","C","T","(-7.32,-2.6]",1,"1.(-7.32,-2.6]","T",47,"C",2,FALSE,"C",2,"T"
"73",73,0.167126293811251,-1.09741982514647,2.88299214382126,-0.0259516037658525,-0.279436886043396,-1.08507988651605,-1.89384666701212,1.42870243576069,-0.135241990097396,0.530403780590846,0.468197756570033,0.0685833186910079,-2.72702324877089,-3.53610517057407,0.555753951554818,0.616788905886514,0.854206759425737,-1.77405828600038,1.1686083905165,-0.151709576284176,0,0,4.58655895092206,0,0,73,"T","T","C","T2","C","Block B","C","C","(-2.6,2.1]",0,"0.(-2.6,2.1]","C",18,"T",13,FALSE,"C",3,"C"
"74",74,-0.590797486292051,-3.03789380218491,4.94142079964566,0.172623669503928,-4.23339178620752,2.62320778197283,2.1024223807014,0.160187297409754,-1.84577976937265,-2.36521128461201,-3.08505046906992,1.12752340539607,-0.998490245328056,-0.736832345609271,0.0445232442367904,-0.29175516528807,-1.98195054376944,0.636708072238345,1.17598795191907,-0.701333895838606,0,0,1.81912778874725,1,1.81912778874725,74,"T","C","T","T1","T","Block B","C","C","(-7.32,-2.6]",0,"0.(-7.32,-2.6]","C",40,"T",0,FALSE,"T",4,"C"
"75",75,1.02829438985287,0.685591893586134,-0.541683293303503,1.59002261314242,0.968637061738959,-1.21359178960489,4.70522662756287,-3.31112514216723,0.296563222748233,-0.80502482784016,-0.625625343268456,0.662617588235633,1.67521202524323,-1.87188423663139,2.59234597235231,-2.0472347291347,0.725720120650544,1.08516503321459,-1.69715730681994,-0.369204881723828,2,3.95553085822919,9.10718877880294,1,9.10718877880294,75,"T","T","C","T3","T","Block B","T","T","(-2.6,2.1]",1,"1.(-2.6,2.1]","T",19,"T",10,FALSE,"C",5,"T"
"76",76,1.53906006867887,2.82505491955707,1.46486985759792,-0.528290441178086,0.00949693383028943,1.49076813601822,0.447568376961015,1.74278909112759,1.68464804583199,3.54994465075831,0.453740679102373,2.10995090429009,-1.19128456821858,-2.35764329841158,0.778457799756591,0.0869718631673905,2.67913599487981,0.597263046855958,-1.44731738309849,0.355329958302285,1,9.05797461006878,14.7096325306425,0,9.05797461006878,76,"T","C","C","T2","C","Block B","C","C","(2.1,6.82]",1,"1.(2.1,6.82]","C",16,"C",9,FALSE,"T",6,"T"
"77",77,3.33245060308918,-1.36950293530764,0.729832884473159,-3.2570860076803,-4.73601978387171,3.43031681995186,-1.46581421904212,-0.101296775681857,-2.04018290926528,-2.88477191553872,0.792416269370448,-0.321940150246833,-1.13680749598605,-3.54819282481897,-1.79479583498943,-1.84524266118355,-2.70484048898786,-2.50125083298886,-0.251645247317418,-0.829723413476485,0,0,4.19852423019333,0,0,77,"C","C","C","T1","T","Block B","C","C","(-2.6,2.1]",1,"1.(-2.6,2.1]","T",21,"T",4,FALSE,"C",7,"T"
"78",78,-0.27045345043633,1.11358354423705,-2.56253639346472,-0.829276564753569,0.269666750291497,-1.68478168472121,-0.538629508328787,-0.791566713194846,-1.18576894340449,-1.31638686764331,1.39490328849181,2.92467239900431,-2.93416463243479,-0.784944989840304,-0.00885427678505291,0.931683961023282,-1.74956116396912,-1.3406635191991,-2.29698268079462,-2.23073616707286,0,0,7.73980897978561,0,0,78,"T","T","T","T1","C","Block B","C","C","(-2.6,2.1]",0,"0.(-2.6,2.1]","C",24,"C",8,FALSE,"C",8,"T"
"79",79,-2.27666904001729,-1.55308178970004,1.70560694713512,0.0194843539507102,1.81280101140298,-4.17966994766209,1.32845492897441,1.09614899568257,3.39056512762138,3.39363156085158,0.276626957872588,4.23222092423703,5.10233450057483,3.76620483797623,3.28251876291669,1.621617023828,4.03230472949527,0.477874855192165,1.97959885028813,1.41051139812564,0,0,3.9367109575736,0,0,79,"T","C","C","T4","C","Block B","T","C","(-2.6,2.1]",0,"0.(-2.6,2.1]","C",8,"C",5,FALSE,"T",9,"C"
"80",80,-0.603469213345106,-1.06476704334368,3.55592685370673,2.94384807606696,-0.241878831539122,0.27140456367469,-0.478706133109687,1.66559606920322,1.68488097997948,0.883404729984575,-0.594086860123583,-1.02908346298573,0.832425988996353,3.87989616454845,1.74811502302417,5.20753694411848,0.954775828026591,2.6785453984916,1.38097735631241,2.46075648835162,1,0,4.63312712290581,0,0,80,"C","C","T","T4","C","Block B","C","C","(-2.6,2.1]",0,"0.(-2.6,2.1]","C",31,"T",13,FALSE,"C",10,"C"
"81",81,2.49909629272245,3.12637244763718,0.361599057395486,-3.10013199290029,3.61107630818281,0.410536262418779,3.21564173541734,0.810908009268438,0.582781000459452,3.75368237543731,-0.0904088962869816,-0.229054137488729,1.92527287126276,0.979879158165484,0.914388717536146,2.82044360756271,-0.762595771139819,2.33193588488952,1.49893103855957,3.88986531743206,0,0,10.6103729760369,0,0,81,"C","C","C","T4","C","Block B","T","T","(2.1,6.82]",1,"1.(2.1,6.82]","C",42,"C",9,FALSE,"T",1,"C"
"82",82,1.13249614741348,-1.61499585665927,0.621735908293275,-0.250982169285707,0.510347517827624,-0.247420856682726,-0.00995688806387496,2.77312776467136,1.91233634408737,1.50036446969259,-1.46709088682651,-0.444578240987569,1.0273305923343,-1.11821516451456,-4.19640263870063,0.128331408775828,-0.728064136692566,4.21547598323982,1.57613411539211,2.00544547604147,1,0,3.84841143884393,1,3.84841143884393,82,"C","C","C","T4","C","Block B","T","C","(-2.6,2.1]",1,"1.(-2.6,2.1]","C",17,"C",4,FALSE,"C",2,"T"
"83",83,-3.96106141142709,-0.701416378016854,-3.26978476433369,-1.34253325778412,-1.51986206329041,-2.67933038503834,-0.481256710578399,-4.34896830849068,-1.7753330488026,-3.93469255965125,-1.68125802404148,-4.7718723252326,-3.80468223245868,-2.96464786299892,-1.85387498756485,-5.17837420620879,-4.68492655232036,-3.07493043932135,-4.79199525378682,-0.585265564783356,0,0,5.15132420563974,0,0,83,"T","C","T","T1","C","Block B","T","T","(-2.6,2.1]",0,"0.(-2.6,2.1]","C",15,"C",13,FALSE,"T",3,"C"
"84",84,-2.07526932276926,-1.70916251671789,-1.261418497079,-0.555548784690083,-0.0824042135181156,-2.14269925519887,0.553787682826658,-0.950742772602235,-1.58227204108634,0.823563509452461,-0.404993803150876,-0.76146046303356,1.38408687917553,-1.07147525909166,-2.2673421245819,-4.24684673212609,-1.77760164957346,1.18007370778978,-1.22533063892148,0.969359489882428,5,0.124913123333783,3.77657104390752,0,0.124913123333783,84,"T","T","C","T3","C","Block B","C","C","(-2.6,2.1]",0,"0.(-2.6,2.1]","T",44,"C",5,FALSE,"C",4,"C"
"85",85,-2.82280959048522,0.26344386894126,-1.05368292159855,-1.71213926262745,-4.59192103311896,1.0694304710925,-2.99705514093945,-0.464896140807814,-1.55890545005595,-2.71977635085137,-0.931703140084795,0.131054114345664,-1.91631600345862,1.23922701914405,-3.52986549205592,-0.382536946352371,-0.398297643769312,-4.0657389881434,2.20181307236165,0.254799912025189,0,0,6.52737167969595,0,0,85,"T","C","C","T2","C","Block B","C","C","(-2.6,2.1]",0,"0.(-2.6,2.1]","T",33,"T",3,FALSE,"T",5,"T"
"86",86,-0.0487545707208261,1.4407884711403,-1.88828658642284,1.21719795732177,1.18387070684005,-0.934133519237149,-2.40894933345175,0.09055231616539,-1.02998086318993,1.04743528279947,-0.20167002188155,-1.9942223866715,0.0123620605840563,2.89497579744372,1.10424955969924,-0.322081350138283,-0.585611083348389,-1.57557622165355,0.144417231710828,4.23905461745902,0,0,8.20645636689007,0,0,86,"T","C","C","T4","T","Block B","T","C","(-2.6,2.1]",0,"0.(-2.6,2.1]","T",43,"C",8,FALSE,"T",6,"T"
"87",87,-1.31584474987483,1.86233196603333,-3.21942366072075,-2.02183416222537,-1.15616826988066,-2.51672629412969,-3.53943258159906,-1.37489139981449,-1.19627960091271,-4.70344127324362,-0.412575765142557,1.42481692885752,-6.17865486908447,-1.03029375438098,-0.486506943918368,-3.27641319138095,-2.34179257364,-2.48111082104071,-1.16921963369542,-1.0681269529282,0,0,8.80764587923772,0,0,87,"T","C","C","T3","T","Block B","C","T","(-2.6,2.1]",0,"0.(-2.6,2.1]","T",11,"T",7,FALSE,"T",7,"T"
"88",88,0.227228695790883,2.52841636510223,1.55400512698245,-0.859035459666418,2.94546870062516,-1.79696739318346,2.57671268644707,-0.412786720648981,0.127841194400975,-3.08350605982651,2.94499446491063,1.53963372529163,-3.44503902571057,-0.996395556130829,1.40198901907018,1.46672214680221,-1.48131111172331,-0.181702026176985,0.119431634876411,2.82797500844938,1,8.21186506238629,13.86352298296,1,13.86352298296,88,"C","C","T","T1","C","Block B","T","T","(2.1,6.82]",1,"1.(2.1,6.82]","T",43,"T",9,FALSE,"T",8,"T"
"89",89,-0.999387307552144,-1.16830435435289,-2.91441972273359,-1.83092083509577,-1.70038640994796,3.18581054891804,-0.872052710594855,0.541555170189391,-0.643716038157117,-2.08149678169566,-2.07284672967452,-2.71513134618426,0.543259928821251,-1.86932212542694,-0.316914386369885,-2.06813259218993,-0.60966585586348,-2.04727577389796,-6.88480245974198,-4.50426813159358,4,0.667616350026782,4.81927427060052,1,4.81927427060052,89,"T","C","C","T2","C","Block B","T","C","(-2.6,2.1]",0,"0.(-2.6,2.1]","C",44,"T",13,FALSE,"T",9,"C"
"90",90,3.99117859300685,1.04581430684403,3.08801605799982,3.87985158523942,1.20844364852164,0.757786933582423,2.39516661093675,1.97769520672524,1.92572839467189,1.15244202286515,-2.08790008487495,-0.426315122605505,-0.224340101726047,1.79886426635046,0.873483768528386,3.15745427319999,2.21791162356558,2.75773580711502,3.824402175425,0.357419882868804,1,3.98300223229542,9.63466015286916,0,3.98300223229542,90,"T","C","C","T4","T","Block B","T","C","(-2.6,2.1]",1,"1.(-2.6,2.1]","C",34,"T",10,FALSE,"C",10,"C"
"91",91,4.9268238580964,2.24082672163493,-1.3000661899641,4.81968155935779,1.04857217996034,4.01037471933907,4.64663483078983,0.863094425454862,2.37910599746267,2.31546168098009,-0.593289147292242,3.52882152751278,0.88358985735306,-0.280472031808338,3.0520747293366,1.78444066884724,-0.570034818043769,4.00539042740961,2.11904657923909,2.99054926681565,2,8.39156594921312,13.5432238697869,1,13.5432238697869,91,"T","C","C","T3","T","Block B","C","C","(2.1,6.82]",1,"1.(2.1,6.82]","C",48,"T",9,FALSE,"C",1,"C"
"92",92,0.559583170172913,-2.17627037133155,-3.27672872225321,-3.30431039519301,-1.03749145538815,-1.89297166365905,-2.00029067685195,0.130599949370668,1.57683888442803,-0.036820601623713,1.75983467262666,1.70740962749963,0.0582180203039006,-0.897708520073827,0.457494208595567,-0.937230500576272,-0.0681969689365939,1.86285730992917,1.60299902390712,-1.60519278917477,3,0,3.04794279004027,1,3.04794279004027,92,"C","T","C","T3","T","Block B","C","C","(-2.6,2.1]",1,"1.(-2.6,2.1]","C",47,"T",2,FALSE,"T",2,"T"
"93",93,1.03941967211578,1.64813138789818,3.3352682442298,4.14475382285445,-0.219871252231064,-0.714616735729708,0.483325218991744,-0.736457780910424,0.376110160753141,-0.346483461926909,0.355073170965806,-1.06054475653538,0.883918822233473,-0.558174851174007,1.66711217129036,3.83374706660787,0.657806152674847,6.15858417266486,3.04933551440015,4.25383244652921,2,6.70100626568462,11.8526641862584,0,6.70100626568462,93,"T","C","C","T4","C","Block B","T","C","(-2.6,2.1]",1,"1.(-2.6,2.1]","T",9,"T",11,FALSE,"T",3,"C"
"94",94,0.63037044415243,-5.03470068782916,-3.08197571501529,-4.9551045760521,-3.481199085877,-3.58222295331246,-3.84120064661154,-4.7861888315563,0.357792576150029,-3.19488604260622,-0.324666529875624,-2.9736560396309,-1.3897764129464,-4.05900722181034,-2.13157134934323,-0.709939390840439,-1.47764236182587,-4.05634738562834,-1.17607114008548,-0.316770216135339,0,0,-1.02864325356837,0,0,94,"C","T","C","T1","T","Block B","C","T","(-7.32,-2.6]",1,"1.(-7.32,-2.6]","C",50,"C",2,FALSE,"T",4,"C"
"95",95,5.19992117785029,0.62738231707875,2.11169425796107,1.64271716607852,-0.0143836839976846,-3.1298018554386,1.82477015752241,1.57810413268794,2.03450887743662,-0.423259847958154,1.17552014142635,1.43377311475641,4.73113481468898,0.244936473920713,0.177170612064699,2.75823020138372,1.75777827161266,0.988543978146241,1.81357356048094,-0.311630338132823,0,0,7.04640703621559,1,7.04640703621559,95,"C","T","T","T4","C","Block B","T","C","(-2.6,2.1]",1,"1.(-2.6,2.1]","T",20,"C",6,FALSE,"C",5,"T"
"96",96,1.6070943010106,-0.530296192450817,0.523614224067695,0.115142389102135,-1.39534011086502,-1.89070853135306,-2.51412353863809,2.19675133034773,1.59960865911171,1.75985368326511,-0.521895880732864,-1.04997059611207,2.69796653273565,0.283603333320966,3.37885430855702,2.26516911096788,1.4794783433499,-0.187647189753341,-0.574609674536616,1.68391476821077,0,0,5.39536939233961,0,0,96,"T","C","C","T4","C","Block B","C","C","(-2.6,2.1]",1,"1.(-2.6,2.1]","C",22,"C",4,FALSE,"T",6,"T"
"97",97,-3.47193473550366,-0.0189231412431664,-0.374847902621392,0.820883984270164,-0.71525812586145,-0.408980133647122,0.047630655399693,-1.4000972060814,-0.505586015559888,-1.48624697967935,-0.170617338801956,0.878797629627121,0.554305699454002,-1.4310042484149,-0.0855378648058364,-0.668901076913418,-0.483713088804098,-1.71400211649112,-3.17204764700677,3.39060794387917,1,0.946025052247803,6.59768297282154,0,0.946025052247803,97,"C","C","C","T3","T","Block B","T","C","(-2.6,2.1]",0,"0.(-2.6,2.1]","T",33,"C",3,FALSE,"C",7,"T"
"98",98,2.38664032585094,4.01734608677173,2.87833937086256,6.31499995756389,3.33811302432236,-0.692327462386188,0.656668887166409,3.5168826021717,0.572839918728785,2.29760978265616,-1.11925359203217,0.983962160849678,3.23021024880415,2.04708309357731,1.57600067908977,-0.132963897896622,3.35900584284678,0.42856091380418,1.62940312162038,0.353308339529988,0,0,11.8810461428992,0,0,98,"T","T","C","T3","T","Block B","C","C","(2.1,6.82]",1,"1.(2.1,6.82]","T",25,"T",12,FALSE,"C",8,"T"
"99",99,-1.18746387752086,1.69241389289916,0.811761687358905,-0.884034909144649,-3.06335285748618,-4.61648923366172,1.918696495607,0.632178704987716,-3.21602120578298,2.32514794566141,-0.513666530603934,-0.635175736584252,-2.59185031896014,-0.778212923001141,-0.96797917413027,-2.2469580818983,-0.256624897541217,2.01690321385687,0.29859192144557,-1.51018595970468,2,6.82731435920094,11.9789722797747,0,6.82731435920094,99,"C","C","T","T4","T","Block B","C","C","(-2.6,2.1]",0,"0.(-2.6,2.1]","T",11,"C",7,FALSE,"C",9,"C"
"100",100,0.9441464332961,1.37666374259096,4.70243925945036,-1.09825312935105,-0.826943849509251,4.72136487266827,-0.695729489801413,4.14543160277577,1.94181338564949,0.767475364809615,-0.181034474155218,-1.60298536498763,0.783402410309629,1.03826240344186,0.895142731938075,1.84644200684927,-1.40247712250793,3.30693684760113,0.72169530987944,0.570326638057949,0,0,8.11500408556431,0,0,100,"C","C","T","T1","C","Block B","T","C","(-2.6,2.1]",1,"1.(-2.6,2.1]","T",9,"C",10,FALSE,"C",10,"C"
